{
  "life": 70,
  "coins": 2,
  "pos": {
    "x": 11.6068859,
    "y": 1.00000012,
    "z": -11.315733
  },
  "ChestInventory": [
    0,
    3
  ],
  "PlayerInventory": [
    1,
    2,
    4
  ]
}